﻿[{"date_of_extract":"2024-08-18T00:00:00","organisation_number":5038828,"registered_charity_number":1153096,"linked_charity_number":0,"report_name":"STATEMENT OF INQUIRY","report_location":"HTTPS://WWW.GOV.UK/GOVERNMENT/NEWS/NEW-CHARITY-INVESTIGATION-CONSOLE-SUICIDE-PREVENTION-LTD","date_published":"2016-07-11T00:00:00"}
,{"date_of_extract":"2024-08-18T00:00:00","organisation_number":803758,"registered_charity_number":803758,"linked_charity_number":0,"report_name":"INTERIM MANAGER","report_location":"HTTPS://WWW.GOV.UK/GOVERNMENT/NEWS/INTERIM-MANAGER-APPOINTED-TO-THE-RAV-CHESED-TRUST","date_published":"2017-03-30T00:00:00"}
,{"date_of_extract":"2024-08-18T00:00:00","organisation_number":255031,"registered_charity_number":255031,"linked_charity_number":0,"report_name":"INTERIM MANAGER","report_location":"HTTPS://WWW.GOV.UK/GOVERNMENT/NEWS/INTERIM-MANAGERS-APPOINTED-TO-ACHIEZER-ASSOCIATION-LIMITED-AND-ACHIEZER","date_published":"2019-01-22T00:00:00"}
,{"date_of_extract":"2024-08-18T00:00:00","organisation_number":3942454,"registered_charity_number":1072534,"linked_charity_number":0,"report_name":"STATEMENT OF INQUIRY","report_location":"HTTPS://WWW.GOV.UK/GOVERNMENT/NEWS/COMMISSION-APPLIES-TO-HIGH-COURT-TO-APPOINT-AN-OFFICIAL-RECEIVER-TO-CHARITY","date_published":"2019-02-08T00:00:00"}
,{"date_of_extract":"2024-08-18T00:00:00","organisation_number":5018962,"registered_charity_number":1142038,"linked_charity_number":0,"report_name":"INTERIM MANAGER","report_location":"HTTPS://WWW.GOV.UK/GOVERNMENT/NEWS/REGULATOR-APPOINTS-INTERIM-MANAGERS-TO-TWO-CHARITIES-UNDER-INQUIRY?UTM_SOURCE=94BB16B7-7CDA-4A91-B4CB-2DAEE1132A8B&UTM_MEDIUM=EMAIL&UTM_CAMPAIGN=GOVUK-NOTIFICATIONS&UTM_CONTENT=IMMEDIATE","date_published":"2021-04-12T00:00:00"}
,{"date_of_extract":"2024-08-18T00:00:00","organisation_number":5021077,"registered_charity_number":1145466,"linked_charity_number":0,"report_name":"INTERIM MANAGER","report_location":"HTTPS://WWW.GOV.UK/GOVERNMENT/NEWS/REGULATOR-APPOINTS-INTERIM-MANAGERS-TO-TWO-CHARITIES-UNDER-INQUIRY?UTM_SOURCE=94BB16B7-7CDA-4A91-B4CB-2DAEE1132A8B&UTM_MEDIUM=EMAIL&UTM_CAMPAIGN=GOVUK-NOTIFICATIONS&UTM_CONTENT=IMMEDIATE","date_published":"2021-04-12T00:00:00"}
,{"date_of_extract":"2024-08-18T00:00:00","organisation_number":5039483,"registered_charity_number":1154046,"linked_charity_number":0,"report_name":"STATEMENT OF INQUIRY","report_location":"HTTPS://WWW.GOV.UK/GOVERNMENT/NEWS/CHARITY-REGULATOR-CONTINUES-TO-ADDRESS-CONCERNS-AT-CONNECTED-BIRMINGHAM-CHARITIES","date_published":"2021-04-12T00:00:00"}
,{"date_of_extract":"2024-08-18T00:00:00","organisation_number":1051722,"registered_charity_number":1051722,"linked_charity_number":0,"report_name":"INTERIM MANAGER","report_location":"HTTPS://WWW.GOV.UK/GOVERNMENT/NEWS/CHARITY-COMMISSION-APPOINTS-INTERIM-MANAGERS-TO-GILBERT-DEYA-MINISTRIES","date_published":"2021-11-16T00:00:00"}
,{"date_of_extract":"2024-08-18T00:00:00","organisation_number":5028871,"registered_charity_number":1150458,"linked_charity_number":0,"report_name":"STATEMENT OF INQUIRY","report_location":"HTTPS://WWW.GOV.UK/GOVERNMENT/NEWS/COMMISSION-OPENS-STATUTORY-INQUIRY-INTO-THE-PROFESSIONAL-FOOTBALLERS-ASSOCIATION-CHARITY","date_published":"2021-03-22T00:00:00"}
,{"date_of_extract":"2024-08-18T00:00:00","organisation_number":5038275,"registered_charity_number":1152988,"linked_charity_number":0,"report_name":"STATEMENT OF INQUIRY","report_location":"HTTPS://WWW.GOV.UK/GOVERNMENT/NEWS/CHARITY-REGULATOR-OPENS-INQUIRY-INTO-SPAC-NATION","date_published":"2021-03-22T00:00:00"}
,{"date_of_extract":"2024-08-18T00:00:00","organisation_number":4037692,"registered_charity_number":1123262,"linked_charity_number":0,"report_name":"INTERIM MANAGER","report_location":"HTTPS://WWW.GOV.UK/GOVERNMENT/NEWS/NEW-CHARITY-INVESTIGATION-CARDIFF-SIXTH-FORM-COLLEGE","date_published":"2021-04-09T00:00:00"}
,{"date_of_extract":"2024-08-18T00:00:00","organisation_number":1012924,"registered_charity_number":1012924,"linked_charity_number":0,"report_name":"INTERIM MANAGER","report_location":"HTTPS://WWW.GOV.UK/GOVERNMENT/NEWS/COMMISSION-ANNOUNCES-CLASS-INVESTIGATION-INTO-INDEPENDENT-SCHOOL-CHARITIES","date_published":"2021-04-12T00:00:00"}
,{"date_of_extract":"2024-08-18T00:00:00","organisation_number":4016507,"registered_charity_number":1110184,"linked_charity_number":0,"report_name":"INTERIM MANAGER","report_location":"HTTPS://WWW.GOV.UK/GOVERNMENT/NEWS/COMMISSION-ANNOUNCES-CLASS-INVESTIGATION-INTO-INDEPENDENT-SCHOOL-CHARITIES","date_published":"2021-04-12T00:00:00"}
,{"date_of_extract":"2024-08-18T00:00:00","organisation_number":5017334,"registered_charity_number":1143110,"linked_charity_number":0,"report_name":"STATEMENT OF INQUIRY","report_location":"HTTPS://WWW.GOV.UK/GOVERNMENT/NEWS/CHARITY-REGULATOR-LAUNCHES-INQUIRY-INTO-FINANCIAL-CONCERNS-AT-THE-KNIGHTLAND-FOUNDATION","date_published":"2021-05-20T00:00:00"}
,{"date_of_extract":"2024-08-18T00:00:00","organisation_number":5071825,"registered_charity_number":1167130,"linked_charity_number":0,"report_name":"STATEMENT OF INQUIRY","report_location":"HTTPS://WWW.GOV.UK/GOVERNMENT/NEWS/NEW-CHARITY-INVESTIGATION-DARREN-WRIGHT-FOUNDATION","date_published":"2021-08-02T00:00:00"}
,{"date_of_extract":"2024-08-18T00:00:00","organisation_number":4003514,"registered_charity_number":1100416,"linked_charity_number":0,"report_name":"INTERIM MANAGER","report_location":"HTTPS://WWW.GOV.UK/GOVERNMENT/NEWS/COMMISSION-APPOINTS-INTERIM-MANAGER-TO-MOUNTAIN-OF-FIRE-AND-MIRACLES-MINISTRIES-INTERNATIONAL","date_published":"2021-11-16T00:00:00"}
,{"date_of_extract":"2024-08-18T00:00:00","organisation_number":326567,"registered_charity_number":326567,"linked_charity_number":0,"report_name":"STATEMENT OF INQUIRY","report_location":"HTTPS://WWW.GOV.UK/GOVERNMENT/NEWS/CHARITY-REGULATOR-OPENS-STATUTORY-INQUIRY-INTO-THE-ASPINALL-FOUNDATION","date_published":"2021-11-17T00:00:00"}
,{"date_of_extract":"2024-08-18T00:00:00","organisation_number":4002371,"registered_charity_number":1100845,"linked_charity_number":0,"report_name":"STATEMENT OF INQUIRY","report_location":"HTTPS://WWW.GOV.UK/GOVERNMENT/NEWS/CHARITY-REGULATOR-LAUNCHES-STATUTORY-INQUIRY-INTO-THE-HOWLETTS-WILD-ANIMAL-TRUST","date_published":"2021-11-17T00:00:00"}
,{"date_of_extract":"2024-08-18T00:00:00","organisation_number":5055331,"registered_charity_number":1159995,"linked_charity_number":0,"report_name":"STATEMENT OF INQUIRY","report_location":"HTTPS://WWW.GOV.UK/GOVERNMENT/NEWS/CHARITY-COMMISSION-ANNOUNCES-STATUTORY-INQUIRY-INTO-FASHION-FOR-RELIEF","date_published":"2022-04-22T00:00:00"}
,{"date_of_extract":"2024-08-18T00:00:00","organisation_number":283301,"registered_charity_number":283301,"linked_charity_number":0,"report_name":"STATEMENT OF INQUIRY","report_location":"HTTPS://WWW.GOV.UK/GOVERNMENT/NEWS/CHARITY-COMMISSION-ANNOUNCES-STATUTORY-INQUIRY-INTO-THE-SHIRE-WAY-COMMUNITY-ASSOCIATION","date_published":"2022-02-02T00:00:00"}
,{"date_of_extract":"2024-08-18T00:00:00","organisation_number":513296,"registered_charity_number":513296,"linked_charity_number":0,"report_name":"STATEMENT OF INQUIRY","report_location":"HTTPS://WWW.GOV.UK/GOVERNMENT/NEWS/CHARITY-COMMISSION-OPENS-STATUTORY-INQUIRY-INTO-LANCASHIRE-CHARITY-FOR-PEOPLE-WITH-LEARNING-DISABILITIES","date_published":"2022-03-24T00:00:00"}
,{"date_of_extract":"2024-08-18T00:00:00","organisation_number":5148259,"registered_charity_number":1186401,"linked_charity_number":0,"report_name":"STATEMENT OF INQUIRY","report_location":"HTTPS://WWW.GOV.UK/GOVERNMENT/NEWS/ANIMAL-CHARITY-UNDER-INVESTIGATION-OVER-PROSECUTIONS-AGAINST-PET-OWNERS","date_published":"2022-03-25T00:00:00"}
,{"date_of_extract":"2024-08-18T00:00:00","organisation_number":5017116,"registered_charity_number":1142110,"linked_charity_number":0,"report_name":"STATEMENT OF INQUIRY","report_location":"HTTPS://WWW.GOV.UK/GOVERNMENT/NEWS/CHARITY-COMMISSION-ANNOUNCES-STATUTORY-INQUIRY-INTO-THE-OLIVE-GROVE-FOUNDATION","date_published":"2022-04-22T00:00:00"}
,{"date_of_extract":"2024-08-18T00:00:00","organisation_number":5096350,"registered_charity_number":1173549,"linked_charity_number":0,"report_name":"STATEMENT OF INQUIRY","report_location":"HTTPS://WWW.GOV.UK/GOVERNMENT/NEWS/COMMISSION-OPENS-INQUIRY-INTO-THE-KANTOR-FOUNDATION-AS-FOUNDER-SANCTIONED","date_published":"2022-04-25T00:00:00"}
,{"date_of_extract":"2024-08-18T00:00:00","organisation_number":5096362,"registered_charity_number":1173550,"linked_charity_number":0,"report_name":"STATEMENT OF INQUIRY","report_location":"HTTPS://WWW.GOV.UK/GOVERNMENT/NEWS/COMMISSION-OPENS-INQUIRY-INTO-THE-KANTOR-CHARITABLE-FOUNDATION-AS-FOUNDER-SANCTIONED","date_published":"2022-04-25T00:00:00"}
,{"date_of_extract":"2024-08-18T00:00:00","organisation_number":5063797,"registered_charity_number":1164018,"linked_charity_number":0,"report_name":"STATEMENT OF INQUIRY","report_location":"HTTPS://WWW.GOV.UK/GOVERNMENT/NEWS/CHARITY-COMMISSION-ANNOUNCES-INQUIRY-INTO-MUFFIN-PUG-RESCUE","date_published":"2022-06-24T00:00:00"}
,{"date_of_extract":"2024-08-18T00:00:00","organisation_number":4019189,"registered_charity_number":1112813,"linked_charity_number":0,"report_name":"STATEMENT OF INQUIRY","report_location":"HTTPS://WWW.GOV.UK/GOVERNMENT/NEWS/COMMISSION-OPENS-INQUIRY-INTO-THE-POTANIN-FOUNDATION-AS-FOUNDER-SANCTIONED","date_published":"2022-06-30T00:00:00"}
,{"date_of_extract":"2024-08-18T00:00:00","organisation_number":5161126,"registered_charity_number":1189808,"linked_charity_number":0,"report_name":"STATEMENT OF INQUIRY","report_location":"HTTPS://WWW.GOV.UK/GOVERNMENT/NEWS/REGULATOR-ANNOUNCES-STATUTORY-INQUIRY-INTO-THE-CAPTAIN-TOM-FOUNDATION","date_published":"2022-07-01T00:00:00"}
,{"date_of_extract":"2024-08-18T00:00:00","organisation_number":5051907,"registered_charity_number":1159575,"linked_charity_number":0,"report_name":"STATEMENT OF INQUIRY","report_location":"HTTPS://WWW.GOV.UK/GOVERNMENT/NEWS/CHARITY-COMMISSION-ANNOUNCES-STATUTORY-INQUIRY-INTO-INTERNATIONAL-CHARITY-QUBA-TRUST","date_published":"2022-07-06T00:00:00"}
,{"date_of_extract":"2024-08-18T00:00:00","organisation_number":1026475,"registered_charity_number":1026475,"linked_charity_number":0,"report_name":"STATEMENT OF INQUIRY","report_location":"HTTPS://WWW.GOV.UK/GOVERNMENT/NEWS/REGULATOR-OPENS-INQUIRY-INTO-CORNISH-CHARITY-OVER-SAFEGUARDING-CONCERNS","date_published":"2023-02-08T00:00:00"}
,{"date_of_extract":"2024-08-18T00:00:00","organisation_number":283301,"registered_charity_number":283301,"linked_charity_number":0,"report_name":"INTERIM MANAGER","report_location":"HTTPS://WWW.GOV.UK/GOVERNMENT/NEWS/COMMISSION-APPOINTS-INTERIM-MANAGERS-TO-SOUTH-GLOUCESTERSHIRE-CHARITY","date_published":"2022-07-22T00:00:00"}
,{"date_of_extract":"2024-08-18T00:00:00","organisation_number":4037156,"registered_charity_number":1127373,"linked_charity_number":0,"report_name":"STATEMENT OF INQUIRY","report_location":"HTTPS://WWW.GOV.UK/GOVERNMENT/NEWS/CHARITY-COMMISSION-LAUNCHES-INQUIRY-INTO-DUDLEY-MOSQUE","date_published":"2022-09-01T00:00:00"}
,{"date_of_extract":"2024-08-18T00:00:00","organisation_number":5032520,"registered_charity_number":1149955,"linked_charity_number":0,"report_name":"STATEMENT OF INQUIRY","report_location":"HTTPS://WWW.GOV.UK/GOVERNMENT/NEWS/CHARITY-COMMISSION-LAUNCHES-INQUIRY-INTO-HOUSING-CHARITY-OVER-CONCERNS-ABOUT-FINANCIAL-MISMANAGEMENT","date_published":"2022-10-10T00:00:00"}
,{"date_of_extract":"2024-08-18T00:00:00","organisation_number":3974083,"registered_charity_number":1089630,"linked_charity_number":0,"report_name":"STATEMENT OF INQUIRY","report_location":"HTTPS://WWW.GOV.UK/GOVERNMENT/NEWS/REGULATOR-LAUNCHES-INQUIRY-INTO-BRITISH-SCHOOL-OPERATING-IN-EGYPT","date_published":"2022-10-27T00:00:00"}
,{"date_of_extract":"2024-08-18T00:00:00","organisation_number":4029248,"registered_charity_number":1117893,"linked_charity_number":0,"report_name":"STATEMENT OF INQUIRY","report_location":"HTTPS://WWW.GOV.UK/GOVERNMENT/NEWS/CHARITY-COMMISSION-OPENS-INQUIRY-INTO-ANIMAL-RESCUE-CHARITY","date_published":"2022-11-03T00:00:00"}
,{"date_of_extract":"2024-08-18T00:00:00","organisation_number":1043158,"registered_charity_number":1043158,"linked_charity_number":0,"report_name":"STATEMENT OF INQUIRY","report_location":"HTTPS://WWW.GOV.UK/GOVERNMENT/NEWS/CHARITY-COMMISSION-LAUNCHES-INQUIRY-INTO-RELIGIOUS-CHARITY-OVER-SERIOUS-REGULATORY-CONCERNS","date_published":"2024-01-26T00:00:00"}
,{"date_of_extract":"2024-08-18T00:00:00","organisation_number":5103301,"registered_charity_number":1176462,"linked_charity_number":0,"report_name":"INQUIRY REPORT (SORI)","report_location":"HTTPS://WWW.GOV.UK/GOVERNMENT/PUBLICATIONS/CHARITY-INQUIRY-MUSLIM-AID","date_published":"2022-11-30T00:00:00"}
,{"date_of_extract":"2024-08-18T00:00:00","organisation_number":5054976,"registered_charity_number":1160575,"linked_charity_number":0,"report_name":"STATEMENT OF INQUIRY","report_location":"HTTPS://WWW.GOV.UK/GOVERNMENT/NEWS/REGULATOR-ANNOUNCES-STATUTORY-INQUIRY-INTO-MERMAIDS","date_published":"2022-12-05T00:00:00"}
,{"date_of_extract":"2024-08-18T00:00:00","organisation_number":3954131,"registered_charity_number":1071268,"linked_charity_number":0,"report_name":"INQUIRY REPORT (SORI)","report_location":"HTTPS://WWW.GOV.UK/GOVERNMENT/PUBLICATIONS/CHARITY-INQUIRY-BETH-YOSEF-FOUNDATION/CHARITY-INQUIRY-BETH-YOSEF-FOUNDATION","date_published":"2022-12-08T00:00:00"}
,{"date_of_extract":"2024-08-18T00:00:00","organisation_number":3940025,"registered_charity_number":1063208,"linked_charity_number":0,"report_name":"INQUIRY REPORT (SORI)","report_location":"HTTPS://WWW.GOV.UK/GOVERNMENT/PUBLICATIONS/CHARITY-INQUIRY-THE-ASHLEY-FOUNDATION","date_published":"2023-01-13T00:00:00"}
,{"date_of_extract":"2024-08-18T00:00:00","organisation_number":234038,"registered_charity_number":234038,"linked_charity_number":0,"report_name":"INQUIRY REPORT (SORI)","report_location":"HTTPS://WWW.GOV.UK/GOVERNMENT/PUBLICATIONS/CHARITY-INQUIRY-ACHIEZER/CHARITY-INQUIRY-ACHIEZER","date_published":"2023-01-23T00:00:00"}
,{"date_of_extract":"2024-08-18T00:00:00","organisation_number":5018512,"registered_charity_number":1142005,"linked_charity_number":0,"report_name":"STATEMENT OF INQUIRY","report_location":"HTTPS://WWW.GOV.UK/GOVERNMENT/NEWS/REGULATOR-LAUNCHES-INQUIRY-INTO-DISABILITY-CHARITY","date_published":"2023-02-07T00:00:00"}
,{"date_of_extract":"2024-08-18T00:00:00","organisation_number":5096362,"registered_charity_number":1173550,"linked_charity_number":0,"report_name":"INTERIM MANAGER","report_location":"HTTPS://WWW.GOV.UK/GOVERNMENT/NEWS/COMMISSION-APPOINTS-INTERIM-MANAGER-TO-KANTOR-FOUNDATION-AND-KANTOR-CHARITABLE-FOUNDATION","date_published":"2023-02-10T00:00:00"}
,{"date_of_extract":"2024-08-18T00:00:00","organisation_number":5096350,"registered_charity_number":1173549,"linked_charity_number":0,"report_name":"INTERIM MANAGER","report_location":"HTTPS://WWW.GOV.UK/GOVERNMENT/NEWS/COMMISSION-APPOINTS-INTERIM-MANAGER-TO-KANTOR-FOUNDATION-AND-KANTOR-CHARITABLE-FOUNDATION","date_published":"2023-02-10T00:00:00"}
,{"date_of_extract":"2024-08-18T00:00:00","organisation_number":1058998,"registered_charity_number":1058998,"linked_charity_number":0,"report_name":"STATEMENT OF INQUIRY","report_location":"HTTPS://WWW.GOV.UK/GOVERNMENT/NEWS/REGULATOR-LAUNCHES-INQUIRY-INTO-ISLAMIC-CENTRE-OF-ENGLAND","date_published":"2023-02-09T00:00:00"}
,{"date_of_extract":"2024-08-18T00:00:00","organisation_number":1026475,"registered_charity_number":1026475,"linked_charity_number":0,"report_name":"INTERIM MANAGER","report_location":"HTTPS://WWW.GOV.UK/GOVERNMENT/NEWS/COMMISSION-APPOINTS-INTERIM-MANAGERS-TO-DEVON-AND-CORNWALL-AUTISTIC-COMMUNITY-TRUST","date_published":"2023-02-13T00:00:00"}
,{"date_of_extract":"2024-08-18T00:00:00","organisation_number":3941697,"registered_charity_number":1075100,"linked_charity_number":0,"report_name":"INQUIRY REPORT (SORI)","report_location":"HTTPS://WWW.GOV.UK/GOVERNMENT/PUBLICATIONS/CHARITY-INQUIRY-RHEMA-CHURCH-LONDON/CHARITY-INQUIRY-RHEMA-CHURCH-LONDON","date_published":"2023-03-30T00:00:00"}
,{"date_of_extract":"2024-08-18T00:00:00","organisation_number":3992075,"registered_charity_number":1092575,"linked_charity_number":0,"report_name":"INQUIRY REPORT (SORI)","report_location":"HTTPS://WWW.GOV.UK/GOVERNMENT/PUBLICATIONS/CHARITY-INQUIRY-HOSPICE-AID-UK","date_published":"2023-04-03T00:00:00"}
,{"date_of_extract":"2024-08-18T00:00:00","organisation_number":5076046,"registered_charity_number":1169878,"linked_charity_number":0,"report_name":"INQUIRY REPORT (SORI)","report_location":"HTTPS://WWW.GOV.UK/GOVERNMENT/PUBLICATIONS/CHARITY-INQUIRY-THE-MACBETH-MEMORIAL-TRUST/CHARITY-INQUIRY-THE-MACBETH-MEMORIAL-TRUST","date_published":"2023-04-05T00:00:00"}
,{"date_of_extract":"2024-08-18T00:00:00","organisation_number":1009672,"registered_charity_number":1009672,"linked_charity_number":0,"report_name":"INQUIRY REPORT (SORI)","report_location":"HTTPS://WWW.GOV.UK/GOVERNMENT/PUBLICATIONS/CHARITY-INQUIRY-NEWHAM-COMMUNITY-LEISURE-TRUST","date_published":"2023-04-12T00:00:00"}
,{"date_of_extract":"2024-08-18T00:00:00","organisation_number":1060394,"registered_charity_number":1060394,"linked_charity_number":0,"report_name":"INQUIRY REPORT (SORI)","report_location":"HTTPS://WWW.GOV.UK/GOVERNMENT/PUBLICATIONS/CHARITY-INQUIRY-ETHIOPIAN-ORTHODOX-TEWAHDO-CHURCH-ST-MARY-TSION/CHARITY-INQUIRY-ETHIOPIAN-ORTHODOX-TEWAHDO-CHURCH-ST-MARY-TSION","date_published":"2023-04-13T00:00:00"}
,{"date_of_extract":"2024-08-18T00:00:00","organisation_number":5043785,"registered_charity_number":1155658,"linked_charity_number":0,"report_name":"STATEMENT OF INQUIRY","report_location":"HTTPS://WWW.GOV.UK/GOVERNMENT/NEWS/CHARITY-COMMISSION-ANNOUNCES-STATUTORY-INQUIRY-INTO-BURKES-PEERAGE-FOUNDATION","date_published":"2024-01-25T00:00:00"}
,{"date_of_extract":"2024-08-18T00:00:00","organisation_number":5028199,"registered_charity_number":1149924,"linked_charity_number":0,"report_name":"STATEMENT OF INQUIRY","report_location":"HTTPS://WWW.GOV.UK/GOVERNMENT/NEWS/CHARITY-COMMISSION-OPENS-INQUIRY-INTO-THE-MAHFOUZ-FOUNDATION","date_published":"2023-04-19T00:00:00"}
,{"date_of_extract":"2024-08-18T00:00:00","organisation_number":5037416,"registered_charity_number":1155345,"linked_charity_number":0,"report_name":"INTERIM MANAGER","report_location":"HTTPS://WWW.GOV.UK/GOVERNMENT/PUBLICATIONS/HOW-THE-CHARITY-COMMISSION-APPOINTS-INTERIM-MANAGERS","date_published":"2023-04-21T00:00:00"}
,{"date_of_extract":"2024-08-18T00:00:00","organisation_number":1058998,"registered_charity_number":1058998,"linked_charity_number":0,"report_name":"INTERIM MANAGER","report_location":"HTTPS://WWW.GOV.UK/GOVERNMENT/NEWS/CHARITY-REGULATOR-APPOINTS-INTERIM-MANAGER-TO-THE-ISLAMIC-CENTRE-OF-ENGLAND","date_published":"2023-05-10T00:00:00"}
,{"date_of_extract":"2024-08-18T00:00:00","organisation_number":3990637,"registered_charity_number":1094442,"linked_charity_number":0,"report_name":"STATEMENT OF INQUIRY","report_location":"HTTPS://WWW.GOV.UK/GOVERNMENT/NEWS/REGULATOR-ANNOUNCES-INQUIRY-INTO-LONDON-BASED-EDUCATIONAL-CHARITY","date_published":"2023-05-11T00:00:00"}
,{"date_of_extract":"2024-08-18T00:00:00","organisation_number":3990637,"registered_charity_number":1094442,"linked_charity_number":0,"report_name":"INTERIM MANAGER","report_location":"HTTPS://WWW.GOV.UK/GOVERNMENT/NEWS/REGULATOR-ANNOUNCES-INQUIRY-INTO-LONDON-BASED-EDUCATIONAL-CHARITY","date_published":"2023-05-11T00:00:00"}
,{"date_of_extract":"2024-08-18T00:00:00","organisation_number":5045457,"registered_charity_number":1157635,"linked_charity_number":0,"report_name":"STATEMENT OF INQUIRY","report_location":"HTTPS://WWW.GOV.UK/GOVERNMENT/NEWS/CHARITY-COMMISSION-LAUNCHES-INQUIRY-INTO-CANCER-CHARITY","date_published":"2023-05-23T00:00:00"}
,{"date_of_extract":"2024-08-18T00:00:00","organisation_number":4037156,"registered_charity_number":1127373,"linked_charity_number":0,"report_name":"INTERIM MANAGER","report_location":"HTTPS://WWW.GOV.UK/GOVERNMENT/NEWS/INTERIM-MANAGER-APPOINTED-TO-RELIGIOUS-CHARITY","date_published":"2023-08-08T00:00:00"}
,{"date_of_extract":"2024-08-18T00:00:00","organisation_number":1003102,"registered_charity_number":1003102,"linked_charity_number":0,"report_name":"STATEMENT OF INQUIRY","report_location":"HTTPS://WWW.GOV.UK/GOVERNMENT/NEWS/CHARITIES-INVESTIGATED-OVER-POOR-FINANCIAL-MANAGEMENT","date_published":"2023-07-26T00:00:00"}
,{"date_of_extract":"2024-08-18T00:00:00","organisation_number":299687,"registered_charity_number":299687,"linked_charity_number":0,"report_name":"STATEMENT OF INQUIRY","report_location":"HTTPS://WWW.GOV.UK/GOVERNMENT/NEWS/CHARITIES-INVESTIGATED-OVER-POOR-FINANCIAL-MANAGEMENT","date_published":"2023-07-26T00:00:00"}
,{"date_of_extract":"2024-08-18T00:00:00","organisation_number":5042565,"registered_charity_number":1155135,"linked_charity_number":0,"report_name":"STATEMENT OF INQUIRY","report_location":"HTTPS://WWW.GOV.UK/GOVERNMENT/NEWS/INQUIRY-LAUNCHED-INTO-HEART-DISEASE-CHARITY","date_published":"2023-08-05T00:00:00"}
,{"date_of_extract":"2024-08-18T00:00:00","organisation_number":3966490,"registered_charity_number":1077961,"linked_charity_number":0,"report_name":"INQUIRY REPORT (SORI)","report_location":"HTTPS://WWW.GOV.UK/GOVERNMENT/PUBLICATIONS/CHARITY-INQUIRY-WATCH-TOWER-BIBLE-AND-TRACT-SOCIETY-OF-BRITAIN","date_published":"2023-08-07T00:00:00"}
,{"date_of_extract":"2024-08-18T00:00:00","organisation_number":5049364,"registered_charity_number":1158390,"linked_charity_number":0,"report_name":"OFFICIAL WARNING","report_location":"HTTP://APPS.CHARITYCOMMISSION.GOV.UK/DETAILS.ASPX?PDFNAME=065744","date_published":"2023-08-24T00:00:00"}
,{"date_of_extract":"2024-08-18T00:00:00","organisation_number":5072772,"registered_charity_number":1169048,"linked_charity_number":0,"report_name":"INQUIRY REPORT (SORI)","report_location":"HTTPS://WWW.GOV.UK/GOVERNMENT/PUBLICATIONS/CHARITY-INQUIRY-CARE4CALAIS/CHARITY-INQUIRY-CARE4CALAIS","date_published":"2023-08-24T00:00:00"}
,{"date_of_extract":"2024-08-18T00:00:00","organisation_number":5119517,"registered_charity_number":1180696,"linked_charity_number":0,"report_name":"INTERIM MANAGER","report_location":"HTTPS://WWW.GOV.UK/GOVERNMENT/NEWS/COMMISSION-APPOINTS-INTERIM-MANAGER-TO-GENESIS-PHILANTHROPY-GROUP","date_published":"2023-09-07T00:00:00"}
,{"date_of_extract":"2024-08-18T00:00:00","organisation_number":4016993,"registered_charity_number":1113268,"linked_charity_number":0,"report_name":"STATEMENT OF INQUIRY","report_location":"HTTPS://WWW.GOV.UK/GOVERNMENT/NEWS/INQUIRY-OPENED-INTO-CHARITY-OPERATING-IN-WEST-AFRICA","date_published":"2023-09-08T00:00:00"}
,{"date_of_extract":"2024-08-18T00:00:00","organisation_number":4040078,"registered_charity_number":1128341,"linked_charity_number":0,"report_name":"OFFICIAL WARNING","report_location":"HTTPS://APPS.CHARITYCOMMISSION.GOV.UK/SCHEMES/522524.PDF","date_published":"2023-10-02T00:00:00"}
,{"date_of_extract":"2024-08-18T00:00:00","organisation_number":4043542,"registered_charity_number":1128363,"linked_charity_number":0,"report_name":"STATEMENT OF INQUIRY","report_location":"HTTPS://WWW.GOV.UK/GOVERNMENT/NEWS/REGULATOR-OPENS-INQUIRY-INTO-RELIGIOUS-POVERTY-RELIEF-CHARITY-OVER-FINANCIAL-ACTIVITY","date_published":"2023-10-11T00:00:00"}
,{"date_of_extract":"2024-08-18T00:00:00","organisation_number":4021231,"registered_charity_number":1113638,"linked_charity_number":0,"report_name":"STATEMENT OF INQUIRY","report_location":"HTTPS://WWW.GOV.UK/GOVERNMENT/NEWS/CHARITY-COMMISSION-OPENS-INQUIRY-INTO-POVERTY-RELIEF-CHARITY-OVER-FINANCIAL-ACTIVITY","date_published":"2023-10-11T00:00:00"}
,{"date_of_extract":"2024-08-18T00:00:00","organisation_number":3104452,"registered_charity_number":1064365,"linked_charity_number":0,"report_name":"INQUIRY REPORT (SORI)","report_location":"HTTPS://WWW.GOV.UK/GOVERNMENT/PUBLICATIONS/CHARITY-INQUIRY-BIRMINGHAM-EDUCATION-TRUST","date_published":"2023-10-18T00:00:00"}
,{"date_of_extract":"2024-08-18T00:00:00","organisation_number":209208,"registered_charity_number":209208,"linked_charity_number":0,"report_name":"STATEMENT OF INQUIRY","report_location":"HTTPS://WWW.GOV.UK/GOVERNMENT/NEWS/CHARITY-COMMISSION-LAUNCHES-STATUTORY-INQUIRY-INTO-CHARITY-THAT-SUPPORTS-OLDER-PEOPLE","date_published":"2023-10-23T00:00:00"}
,{"date_of_extract":"2024-08-18T00:00:00","organisation_number":5046685,"registered_charity_number":1156438,"linked_charity_number":0,"report_name":"STATEMENT OF INQUIRY","report_location":"HTTPS://WWW.GOV.UK/GOVERNMENT/NEWS/CHARITY-COMMISSION-OPENS-INQUIRY-INTO-THE-SCHWARZSCHILD-FOUNDATION","date_published":"2023-10-25T00:00:00"}
,{"date_of_extract":"2024-08-18T00:00:00","organisation_number":3940121,"registered_charity_number":1064655,"linked_charity_number":0,"report_name":"STATEMENT OF INQUIRY","report_location":"HTTPS://WWW.GOV.UK/GOVERNMENT/NEWS/CHARITY-COMMISSION-OPENS-INQUIRY-INTO-DALAID","date_published":"2023-10-25T00:00:00"}
,{"date_of_extract":"2024-08-18T00:00:00","organisation_number":4004908,"registered_charity_number":1103565,"linked_charity_number":0,"report_name":"STATEMENT OF INQUIRY","report_location":"HTTPS://WWW.GOV.UK/GOVERNMENT/NEWS/HOMELESSNESS-CHARITY-INVESTIGATED-BY-REGULATOR","date_published":"2024-01-25T00:00:00"}
,{"date_of_extract":"2024-08-18T00:00:00","organisation_number":5072157,"registered_charity_number":1164590,"linked_charity_number":0,"report_name":"OFFICIAL WARNING","report_location":"HTTP://APPS.CHARITYCOMMISSION.GOV.UK/SCHEMES/081911.PDF","date_published":"2023-11-08T00:00:00"}
,{"date_of_extract":"2024-08-18T00:00:00","organisation_number":3994289,"registered_charity_number":1097431,"linked_charity_number":0,"report_name":"OFFICIAL WARNING","report_location":"HTTP://APPS.CHARITYCOMMISSION.GOV.UK/DETAILS.ASPX?PDFNAME=531435","date_published":"2023-11-09T00:00:00"}
,{"date_of_extract":"2024-08-18T00:00:00","organisation_number":5091973,"registered_charity_number":1172092,"linked_charity_number":0,"report_name":"OFFICIAL WARNING","report_location":"HTTP://APPS.CHARITYCOMMISSION.GOV.UK/SCHEMES/072822.PDF ","date_published":"2023-11-21T00:00:00"}
,{"date_of_extract":"2024-08-18T00:00:00","organisation_number":5054962,"registered_charity_number":1160729,"linked_charity_number":0,"report_name":"OFFICIAL WARNING","report_location":"HTTP://APPS.CHARITYCOMMISSION.GOV.UK/SCHEMES/013518.PDF","date_published":"2023-11-11T00:00:00"}
,{"date_of_extract":"2024-08-18T00:00:00","organisation_number":4036637,"registered_charity_number":1126009,"linked_charity_number":0,"report_name":"STATEMENT OF INQUIRY","report_location":"HTTPS://WWW.GOV.UK/GOVERNMENT/NEWS/REGULATOR-INVESTIGATES-CHARITY-FUNDING-ORPHANAGE-IN-BANGLADESH","date_published":"2023-11-17T00:00:00"}
,{"date_of_extract":"2024-08-18T00:00:00","organisation_number":5011029,"registered_charity_number":1137935,"linked_charity_number":0,"report_name":"INQUIRY REPORT (SORI)","report_location":"HTTPS://WWW.GOV.UK/GOVERNMENT/PUBLICATIONS/CHARITY-INQUIRY-MIDDLESBROUGH-CENTRAL-MASJID-AND-COMMUNITY-CENTRE","date_published":"2023-11-20T00:00:00"}
,{"date_of_extract":"2024-08-18T00:00:00","organisation_number":5119517,"registered_charity_number":1180696,"linked_charity_number":0,"report_name":"INQUIRY REPORT (SORI)","report_location":"HTTPS://WWW.GOV.UK/GOVERNMENT/PUBLICATIONS/CHARITY-INQUIRY-GENESIS-PHILANTHROPY-GROUP/CHARITY-INQUIRY-GENESIS-PHILANTHROPY-GROUP","date_published":"2023-12-15T00:00:00"}
,{"date_of_extract":"2024-08-18T00:00:00","organisation_number":517381,"registered_charity_number":517381,"linked_charity_number":0,"report_name":"STATEMENT OF INQUIRY","report_location":"\tHTTPS://WWW.GOV.UK/GOVERNMENT/NEWS/CHARITY-COMMISSION-LAUNCHES-STATUTORY-INQUIRY-INTO-DAR-UL-ULOOM-ISLAMIA-RIZWIA-BRALAWAI","date_published":"2023-12-15T00:00:00"}
,{"date_of_extract":"2024-08-18T00:00:00","organisation_number":5042893,"registered_charity_number":1156698,"linked_charity_number":0,"report_name":"OFFICIAL WARNING","report_location":"HTTPS://APPS.CHARITYCOMMISSION.GOV.UK/SCHEMES/516163.PDF","date_published":"2023-12-22T00:00:00"}
,{"date_of_extract":"2024-08-18T00:00:00","organisation_number":4043473,"registered_charity_number":1127466,"linked_charity_number":0,"report_name":"STATEMENT OF INQUIRY","report_location":"HTTPS://WWW.GOV.UK/GOVERNMENT/NEWS/NEW-CHARITY-INVESTIGATION-ISLAND-HEALTH-TRUST","date_published":"2024-01-09T00:00:00"}
,{"date_of_extract":"2024-08-18T00:00:00","organisation_number":272187,"registered_charity_number":272187,"linked_charity_number":0,"report_name":"STATEMENT OF INQUIRY","report_location":"HTTPS://WWW.GOV.UK/GOVERNMENT/NEWS/REGULATOR-TO-INVESTIGATE-WILD-CAT-CONSERVATION-CHARITY-OVER-FAILURE-TO-FILE-ACCOUNTS","date_published":"2024-01-16T00:00:00"}
,{"date_of_extract":"2024-08-18T00:00:00","organisation_number":5131296,"registered_charity_number":1181900,"linked_charity_number":0,"report_name":"OFFICIAL WARNING","report_location":"HTTPS://APPS.CHARITYCOMMISSION.GOV.UK/DETAILS.ASPX?PDFNAME=039631","date_published":"2024-01-17T00:00:00"}
,{"date_of_extract":"2024-08-18T00:00:00","organisation_number":5027366,"registered_charity_number":1147298,"linked_charity_number":0,"report_name":"OFFICIAL WARNING","report_location":"HTTPS://APPS.CHARITYCOMMISSION.GOV.UK/SCHEMES/063909.PDF","date_published":"2024-01-20T00:00:00"}
,{"date_of_extract":"2024-08-18T00:00:00","organisation_number":5009529,"registered_charity_number":1137370,"linked_charity_number":0,"report_name":"INQUIRY REPORT (SORI)","report_location":"HTTPS://WWW.GOV.UK/GOVERNMENT/PUBLICATIONS/CHARITY-INQUIRY-THE-KINGDOM-CHURCH-GB","date_published":"2024-01-25T00:00:00"}
,{"date_of_extract":"2024-08-18T00:00:00","organisation_number":5037045,"registered_charity_number":1152206,"linked_charity_number":0,"report_name":"STATEMENT OF INQUIRY","report_location":"HTTPS://WWW.GOV.UK/GOVERNMENT/NEWS/REGULATOR-INVESTIGATES-SPIRITUALIST-CHARITY-AS-DISPUTING-TRUSTEES-AND-FINANCES-SPARK-SERIOUS-CONCERNS","date_published":"2024-01-31T00:00:00"}
,{"date_of_extract":"2024-08-18T00:00:00","organisation_number":3940121,"registered_charity_number":1064655,"linked_charity_number":0,"report_name":"INTERIM MANAGER","report_location":"","date_published":"2024-02-01T00:00:00"}
,{"date_of_extract":"2024-08-18T00:00:00","organisation_number":218186,"registered_charity_number":218186,"linked_charity_number":0,"report_name":"STATEMENT OF INQUIRY","report_location":"","date_published":"2024-02-05T00:00:00"}
,{"date_of_extract":"2024-08-18T00:00:00","organisation_number":5016086,"registered_charity_number":1141024,"linked_charity_number":0,"report_name":"STATEMENT OF INQUIRY","report_location":"HTTPS://WWW.GOV.UK/GOVERNMENT/NEWS/REGULATOR-INVESTIGATES-ANTI-POVERTY-CHARITY","date_published":"2024-02-05T00:00:00"}
,{"date_of_extract":"2024-08-18T00:00:00","organisation_number":1040652,"registered_charity_number":1040652,"linked_charity_number":0,"report_name":"STATEMENT OF INQUIRY","report_location":"HTTPS://WWW.GOV.UK/GOVERNMENT/NEWS/REGULATOR-TO-INVESTIGATE-AL-TAWHEED-CHARITABLE-TRUST-OVER-EVENT-HELD-AT-ITS-PREMISES","date_published":"2024-02-15T00:00:00"}
,{"date_of_extract":"2024-08-18T00:00:00","organisation_number":5071088,"registered_charity_number":1165916,"linked_charity_number":0,"report_name":"OFFICIAL WARNING","report_location":"HTTPS://APPS.CHARITYCOMMISSION.GOV.UK/SCHEMES/077838.PDF","date_published":"2024-02-20T00:00:00"}
,{"date_of_extract":"2024-08-18T00:00:00","organisation_number":5017186,"registered_charity_number":1142202,"linked_charity_number":0,"report_name":"INQUIRY REPORT (SORI)","report_location":"HTTPS://WWW.GOV.UK/GOVERNMENT/PUBLICATIONS/CHARITY-INQUIRY-JAFLAS/CHARITY-INQUIRY-JAFLAS","date_published":"2024-03-07T00:00:00"}
,{"date_of_extract":"2024-08-18T00:00:00","organisation_number":4043498,"registered_charity_number":1130211,"linked_charity_number":0,"report_name":"STATEMENT OF INQUIRY","report_location":"HTTPS://WWW.GOV.UK/GOVERNMENT/NEWS/REGULATOR-LAUNCHES-INVESTIGATION-INTO-AL-MANAR-CENTRE-TRUST-OVER-SERIOUS-CONCERNS-ABOUT-VIDEO-POST","date_published":"2024-03-19T00:00:00"}
,{"date_of_extract":"2024-08-18T00:00:00","organisation_number":5046685,"registered_charity_number":1156438,"linked_charity_number":0,"report_name":"INTERIM MANAGER","report_location":"HTTPS://WWW.GOV.UK/GOVERNMENT/PUBLICATIONS/HOW-THE-CHARITY-COMMISSION-APPOINTS-INTERIM-MANAGERS","date_published":"2024-03-22T00:00:00"}
,{"date_of_extract":"2024-08-18T00:00:00","organisation_number":5042893,"registered_charity_number":1156698,"linked_charity_number":0,"report_name":"INQUIRY REPORT (SORI)","report_location":"HTTPS://WWW.GOV.UK/GOVERNMENT/PUBLICATIONS/CHARITY-INQUIRY-CHARR-YARR-WELFARE-FOUNDATION-LIMITED/CHARITY-INQUIRY-CHARR-YARR-WELFARE-FOUNDATION-LIMITED","date_published":"2024-04-09T00:00:00"}
,{"date_of_extract":"2024-08-18T00:00:00","organisation_number":5028080,"registered_charity_number":1147992,"linked_charity_number":0,"report_name":"OFFICIAL WARNING","report_location":"HTTPS://APPS.CHARITYCOMMISSION.GOV.UK/DETAILS.ASPX?PDFNAME=105906","date_published":"2024-04-15T00:00:00"}
,{"date_of_extract":"2024-08-18T00:00:00","organisation_number":3962233,"registered_charity_number":1079117,"linked_charity_number":0,"report_name":"INQUIRY REPORT (SORI)","report_location":"HTTPS://WWW.GOV.UK/GOVERNMENT/PUBLICATIONS/CHARITY-INQUIRY-JAMIA-HANFIA-GHOSIA-MOSQUE-AND-PRINCESS-STREET-RESOURCE-CENTRE","date_published":"2024-04-17T00:00:00"}
,{"date_of_extract":"2024-08-18T00:00:00","organisation_number":1014813,"registered_charity_number":1014813,"linked_charity_number":0,"report_name":"INQUIRY REPORT (SORI)","report_location":"HTTPS://WWW.GOV.UK/GOVERNMENT/PUBLICATIONS/CHARITY-INQUIRY-CHILDREN-CARE-CENTRE/CHARITY-INQUIRY-CHILDREN-CARE-CENTRE","date_published":"2024-04-25T00:00:00"}
,{"date_of_extract":"2024-08-18T00:00:00","organisation_number":5031024,"registered_charity_number":1150827,"linked_charity_number":0,"report_name":"INQUIRY REPORT (SORI)","report_location":"HTTPS://WWW.GOV.UK/GOVERNMENT/PUBLICATIONS/CHARITY-INQUIRY-ISLAMIC-EDUCATION-CENTRE-AND-MOSQUE","date_published":"2024-04-30T00:00:00"}
,{"date_of_extract":"2024-08-18T00:00:00","organisation_number":5123369,"registered_charity_number":1178859,"linked_charity_number":0,"report_name":"STATEMENT OF INQUIRY","report_location":"HTTPS://WWW.GOV.UK/GOVERNMENT/NEWS/REGULATOR-FREEZES-BANK-ACCOUNTS-OF-BRISTOL-CHARITY-AFTER-OPENING-INQUIRY","date_published":"2024-05-01T00:00:00"}
,{"date_of_extract":"2024-08-18T00:00:00","organisation_number":1014419,"registered_charity_number":1014419,"linked_charity_number":0,"report_name":"STATEMENT OF INQUIRY","report_location":"HTTPS://WWW.GOV.UK/GOVERNMENT/PUBLICATIONS/CHARITY-INQUIRY-KOGAN-ACADEMY-OF-DRAMATIC-ARTS/CHARITY-INQUIRY-KOGAN-ACADEMY-OF-DRAMATIC-ARTS","date_published":"2024-05-14T00:00:00"}
,{"date_of_extract":"2024-08-18T00:00:00","organisation_number":5026843,"registered_charity_number":1149828,"linked_charity_number":0,"report_name":"INQUIRY REPORT (SORI)","report_location":"HTTPS://WWW.GOV.UK/GOVERNMENT/PUBLICATIONS/CHARITY-INQUIRY-EFFECTIVE-VENTURES-FOUNDATION-UK","date_published":"2024-05-22T00:00:00"}
,{"date_of_extract":"2024-08-18T00:00:00","organisation_number":4033144,"registered_charity_number":1124661,"linked_charity_number":0,"report_name":"OFFICIAL WARNING","report_location":"HTTPS://APPS.CHARITYCOMMISSION.GOV.UK/SCHEMES/011063.PDF","date_published":"2024-06-25T00:00:00"}
,{"date_of_extract":"2024-08-18T00:00:00","organisation_number":1014419,"registered_charity_number":1014419,"linked_charity_number":0,"report_name":"INQUIRY REPORT (SORI)","report_location":"HTTPS://WWW.GOV.UK/GOVERNMENT/PUBLICATIONS/CHARITY-INQUIRY-KOGAN-ACADEMY-OF-DRAMATIC-ARTS/CHARITY-INQUIRY-KOGAN-ACADEMY-OF-DRAMATIC-ARTS","date_published":"2024-07-04T00:00:00"}
,{"date_of_extract":"2024-08-18T00:00:00","organisation_number":4016781,"registered_charity_number":1111470,"linked_charity_number":0,"report_name":"INQUIRY REPORT (SORI)","report_location":"HTTPS://WWW.GOV.UK/GOVERNMENT/PUBLICATIONS/CHARITY-INQUIRY-CITYGATE-CHRISTIAN-OUTREACH-CENTRE/CHARITY-INQUIRY-CITYGATE-CHRISTIAN-OUTREACH-CENTRE","date_published":"2024-07-09T00:00:00"}
,{"date_of_extract":"2024-08-18T00:00:00","organisation_number":3941722,"registered_charity_number":1063808,"linked_charity_number":0,"report_name":"INQUIRY REPORT (SORI)","report_location":"HTTPS://WWW.GOV.UK/GOVERNMENT/NEWS/INQUIRY-REVEALS-THERE-WERE-SERIOUS-PAST-SAFEGUARDING-CONCERNS-AT-AMPLEFORTH-COLLEGE-AND-ABBEY","date_published":"2024-07-16T00:00:00"}
,{"date_of_extract":"2024-08-18T00:00:00","organisation_number":1026493,"registered_charity_number":1026493,"linked_charity_number":0,"report_name":"INQUIRY REPORT (SORI)","report_location":"HTTPS://WWW.GOV.UK/GOVERNMENT/NEWS/INQUIRY-REVEALS-THERE-WERE-SERIOUS-PAST-SAFEGUARDING-CONCERNS-AT-AMPLEFORTH-COLLEGE-AND-ABBEY","date_published":"2024-07-16T00:00:00"}
,{"date_of_extract":"2024-08-18T00:00:00","organisation_number":4029975,"registered_charity_number":1118363,"linked_charity_number":0,"report_name":"STATEMENT OF INQUIRY","report_location":"HTTPS://WWW.GOV.UK/GOVERNMENT/NEWS/REGULATOR-INVESTIGATES-NEWBURY-PARK-MASJID-AFTER-CONCERNS-OVER-TRUSTEE-ELECTIONS","date_published":"2024-07-22T00:00:00"}
,{"date_of_extract":"2024-08-18T00:00:00","organisation_number":5043403,"registered_charity_number":1155899,"linked_charity_number":0,"report_name":"STATEMENT OF INQUIRY","report_location":"HTTPS://WWW.GOV.UK/GOVERNMENT/NEWS/REGULATOR-INVESTIGATES-AID-CHARITY-OVER-CONCERNS-ABOUT-LINKS-TO-A-TERRORISM-PROMOTING-NEWS-OUTLET#:~:TEXT=THE%20REGULATOR%20IS%20INVESTIGATING%20AID,THE%20CHARITY%20COMMISSION%20IN%202014.","date_published":"2024-07-23T00:00:00"}
,{"date_of_extract":"2024-08-18T00:00:00","organisation_number":5120494,"registered_charity_number":1178949,"linked_charity_number":0,"report_name":"INTENTION TO DIRECT WINDING UP","report_location":"","date_published":"2024-07-31T00:00:00"}
,{"date_of_extract":"2024-08-18T00:00:00","organisation_number":5177893,"registered_charity_number":1194872,"linked_charity_number":0,"report_name":"INTENTION TO DIRECT WINDING UP","report_location":"","date_published":"2024-07-31T00:00:00"}
,{"date_of_extract":"2024-08-18T00:00:00","organisation_number":523625,"registered_charity_number":523625,"linked_charity_number":0,"report_name":"OFFICIAL WARNING","report_location":"HTTPS://APPS.CHARITYCOMMISSION.GOV.UK/SCHEMES/136684.PDF","date_published":"2024-08-12T00:00:00"}
,{"date_of_extract":"2024-08-18T00:00:00","organisation_number":5176462,"registered_charity_number":1193709,"linked_charity_number":0,"report_name":"INTENTION TO DIRECT WINDING UP","report_location":"","date_published":"2024-08-13T00:00:00"}
,{"date_of_extract":"2024-08-18T00:00:00","organisation_number":523975,"registered_charity_number":523975,"linked_charity_number":0,"report_name":"OFFICIAL WARNING","report_location":"HTTPS://APPS.CHARITYCOMMISSION.GOV.UK/SCHEMES/136662.PDF","date_published":"2024-08-12T00:00:00"}
,{"date_of_extract":"2024-08-18T00:00:00","organisation_number":523627,"registered_charity_number":523627,"linked_charity_number":0,"report_name":"OFFICIAL WARNING","report_location":"HTTPS://APPS.CHARITYCOMMISSION.GOV.UK/SCHEMES/136669.PDF","date_published":"2024-08-12T00:00:00"}
,{"date_of_extract":"2024-08-18T00:00:00","organisation_number":523701,"registered_charity_number":523701,"linked_charity_number":0,"report_name":"OFFICIAL WARNING","report_location":"HTTPS://APPS.CHARITYCOMMISSION.GOV.UK/SCHEMES/136675.PDF","date_published":"2024-08-12T00:00:00"}
,{"date_of_extract":"2024-08-18T00:00:00","organisation_number":700848,"registered_charity_number":700848,"linked_charity_number":0,"report_name":"OFFICIAL WARNING","report_location":"HTTPS://APPS.CHARITYCOMMISSION.GOV.UK/SCHEMES/136680.PDF","date_published":"2024-08-12T00:00:00"}
,{"date_of_extract":"2024-08-18T00:00:00","organisation_number":529144,"registered_charity_number":529144,"linked_charity_number":0,"report_name":"OFFICIAL WARNING","report_location":"HTTPS://APPS.CHARITYCOMMISSION.GOV.UK/SCHEMES/136683.PDF","date_published":"2024-08-12T00:00:00"}
,{"date_of_extract":"2024-08-18T00:00:00","organisation_number":3979309,"registered_charity_number":1084985,"linked_charity_number":0,"report_name":"OFFICIAL WARNING","report_location":"HTTPS://APPS.CHARITYCOMMISSION.GOV.UK/SCHEMES/136688.PDF","date_published":"2024-08-12T00:00:00"}
,{"date_of_extract":"2024-08-18T00:00:00","organisation_number":215251,"registered_charity_number":215251,"linked_charity_number":0,"report_name":"OFFICIAL WARNING","report_location":"HTTPS://APPS.CHARITYCOMMISSION.GOV.UK/SCHEMES/136691.PDF","date_published":"2024-08-12T00:00:00"}
,{"date_of_extract":"2024-08-18T00:00:00","organisation_number":523630,"registered_charity_number":523630,"linked_charity_number":0,"report_name":"OFFICIAL WARNING","report_location":"HTTPS://APPS.CHARITYCOMMISSION.GOV.UK/SCHEMES/136702.PDF","date_published":"2024-08-12T00:00:00"}
,{"date_of_extract":"2024-08-18T00:00:00","organisation_number":523628,"registered_charity_number":523628,"linked_charity_number":0,"report_name":"OFFICIAL WARNING","report_location":"HTTPS://APPS.CHARITYCOMMISSION.GOV.UK/SCHEMES/136705.PDF","date_published":"2024-08-12T00:00:00"}
,{"date_of_extract":"2024-08-18T00:00:00","organisation_number":523700,"registered_charity_number":523700,"linked_charity_number":0,"report_name":"OFFICIAL WARNING","report_location":"HTTPS://APPS.CHARITYCOMMISSION.GOV.UK/SCHEMES/136707.PDF","date_published":"2024-08-12T00:00:00"}
,{"date_of_extract":"2024-08-18T00:00:00","organisation_number":523621,"registered_charity_number":523621,"linked_charity_number":0,"report_name":"OFFICIAL WARNING","report_location":"HTTPS://APPS.CHARITYCOMMISSION.GOV.UK/SCHEMES/136708.PDF","date_published":"2024-08-12T00:00:00"}
,{"date_of_extract":"2024-08-18T00:00:00","organisation_number":529163,"registered_charity_number":529163,"linked_charity_number":0,"report_name":"OFFICIAL WARNING","report_location":"HTTPS://APPS.CHARITYCOMMISSION.GOV.UK/SCHEMES/136711.PDF","date_published":"2024-08-12T00:00:00"}
]